img/p091-08.jpg	contenuto	Esperimento di Rutherford: deflessione particelle alfa	Schema dell'atomo: nube elettronica negativa (etichetta) attorno a un nucleo positivo (diametro ≈ 10⁻¹⁵ m); l'atomo intero misura ~10⁻¹⁰ m (freccia di scala in basso). Tre fasci di particelle α (frecce) arrivano da sinistra: uno passa lontano dal nucleo e prosegue dritto, uno passa vicino e viene deviato leggermente, uno colpisce il nucleo e rimbalza indietro. Illustra che il nucleo è piccolo, denso e positivo.
img/p092-00.jpg	contenuto	Modello planetario: elettrone in orbita	Su sfondo nero un nucleo positivo (+, sfera rossa) al centro e un elettrone negativo (−, sfera azzurra) che ruota su un'orbita circolare bianca con frecce di senso; linea tratteggiata tra elettrone e nucleo. Rappresenta il modello planetario di Rutherford.
img/p092-02.jpg	contenuto	Atomo con molti elettroni in orbita	Illustrazione di un nucleo formato da sfere gialle e blu (protoni e neutroni) circondato da molte orbite ellittiche sovrapposte, ciascuna con un elettrone verde. Non ci sono etichette. Mostra il modello planetario per un atomo con più elettroni.
img/p092-04.jpg	contenuto	Struttura dell'atomo: nucleo ed elettroni	Schema con etichette: Nucleo (al centro, sfere verdi e blu), Neutroni, Protoni; Elettroni (sfere dorate) su orbite ellittiche gialle attorno al nucleo. Mostra la composizione dell'atomo: protoni e neutroni nel nucleo, elettroni in orbita.
img/p092-08.jpg	contenuto	Notazione simbolica A, Z, X	Simbolo dell'elemento X (grande) con A in alto a sinistra (apice, numero di massa) e Z in basso a sinistra (pedice, numero atomico), indicati da frecce. Rappresenta la notazione ᴬ_Z X.
img/p093-09.jpg	contenuto	Isotopi dell'idrogeno: idrogeno, deuterio, trizio	Tre atomi con nucleo e un elettrone in orbita. idrogeno (¹₁H): un protone (+), un elettrone (−). deuterio (²₁H): un protone e un neutrone (n), un elettrone. trizio (³₁H): un protone e due neutroni, un elettrone. Legenda: n neutrone (verde), + protone (viola), − elettrone (grigio scuro). Mostra che gli isotopi differiscono solo per il numero di neutroni.
img/p094-00.jpg	contenuto	Tabella masse e abbondanza degli isotopi	Tabella con colonne Isotopo; Massa (u); % in natura. ¹₁H: 1,00783; 99,985. ²₁H: 2,01410; 0,015. ³₂He: 3,01603; 0,00013. ⁴₂He: 4,00260; 99,99987. ¹²₆C: 12,00000; 98,892. ¹³₆C: 13,00336; 1,108. ¹⁴₇N: 14,00307; 99,635. ¹⁵₇N: 15,00011; 0,365. ¹⁶₈O: 15,99491; 99,759. ¹⁷₈O: 16,99913; 0,037. ¹⁸₈O: 17,99916; 0,204. L'isotopo più leggero è di norma il più abbondante.
img/p094-05.jpg	contenuto	Media ponderata massa atomica idrogeno	Formula: (1,00783 × 99,985) + (2,0141 × 0,015) tutto diviso 100. Frecce di etichetta: 1,00783 = Massa dell'idrogeno; 99,985 = Abbondanza relativa in natura; 2,0141 = Massa del deuterio; 0,015 = Abbondanza relativa in natura. Calcolo della massa atomica media come media ponderata sulle abbondanze.
img/p095-01.jpg	contenuto	Schema dello spettrometro di massa	Tubo di vetro sotto vuoto piegato, con polo − a sinistra e + collegati a due lamine (condensatore) e un magnete che attraversa il tubo. Didascalie: Il campione è vaporizzato e trasformato in ioni positivi da una scarica elettrica · Gli ioni positivi sono accelerati da una placca negativa (−) · fascio di ioni positivi · Nel tubo vuoto, il fascio di cationi passa all'interno di un campo magnetico variabile · Gli ioni di massa diversa sono separati (ioni più leggeri deviati di più, ioni più pesanti meno) · Un fascio può giungere al rivelatore solo se la sua traiettoria passa per una fenditura · rivelatore all'estremità destra.
img/p097-03.jpg	contenuto	Deflessione delle radiazioni alfa, beta, gamma	Generatore di radiazioni in basso tra due piastre che generano il campo magnetico: (−) a sinistra, (+) a destra. Tre fasci: γ sale dritto (verde); α si curva verso la piastra negativa (sinistra); β si curva verso la piastra positiva (destra). Didascalie: Le particelle γ non sono cariche e quindi non vengono deflesse · Le particelle α e β hanno cariche opposte e vengono deflesse in direzioni contrarie.
img/p097-08.jpg	contenuto	Potere penetrante delle radiazioni	Schema con freccia verticale «potere penetrante» crescente verso il basso. particella alfa (α) → foglio di carta: Le radiazioni α sono trattenute da un semplice foglio di carta. particella beta (β) → foglio di alluminio: Le radiazioni β vengono bloccate dall'alluminio. raggio gamma (γ) → schermo di piombo: I raggi γ sono assorbiti soltanto da uno spesso schermo di piombo.
img/p098-03.jpg	decorativa	Freccia nera curva verso il basso
img/p098-04.jpg	decorativa	Freccia nera curva verso l'alto
img/p098-08.jpg	contenuto	Grafico banda di stabilità nucleare	Grafico A (numero di massa, asse verticale 0-240) in funzione di Z (numero atomico, asse orizzontale 0-100+). Una banda verde («banda di stabilità») sale in modo curvo da 0 fino a circa A=200 a Z=84; una linea rossa verticale a Z=84 delimita la banda. Tutta l'area attorno alla banda e a destra di Z=84 è «mare di instabilità». Oltre Z=84 nessun nucleo è stabile.
img/p099-01.jpg	contenuto	Curva di decadimento e tempo di dimezzamento	Grafico di decadimento esponenziale: asse verticale massa 1 kg, 0,5 kg, 0,25 kg (con 20, 10, 5 palline arancioni a rappresentare i nuclei radioattivi); asse orizzontale 0, T½, 2T½, 3T½, 4T½, 5T½. Barre arancioni a ogni intervallo con curva verde decrescente: a ogni T½ la quantità si dimezza (1 → 0,5 → 0,25 kg …).
img/p099-07.jpg	contenuto	Calcolo di decadimento su 49 anni	Formule: 3 T½ (36 anni, 9 mesi) = 3 g; 4 T½ (49 anni) = 1,5 g. Applicazione del tempo di dimezzamento (12 anni e 3 mesi) a un campione iniziale di 24 g: 24 → 12 → 6 → 3 → 1,5 g.
img/p100-07.jpg	contenuto	Decadimento beta del carbonio-14	Grafico: asse verticale «Carbonio-14 rimanente (in frazioni)» 1, 1/2, 1/4, 1/8, 1/16; asse orizzontale «Anni trascorsi» 0, 5 000, 10 000, 15 000, 20 000, 25 000. Curva esponenziale decrescente con gradini ai tempi di dimezzamento (circa 5 730 anni ciascuno); accanto a ogni frazione un gruppo di puntini che rappresenta gli atomi di carbonio-14 rimasti (pieno a 1, poi dimezzati). In alto a destra schema: Il carbonio-14 (6 p, 8 n) ... decade per diventare ... azoto-14 (7 p, 7 n): un neutrone (n) libera un elettrone (−) e diventa protone (+). Testo: Nel decadimento β⁻ un neutrone del nucleo libera un elettrone e diventa protone. Il numero atomico aumenta così di una unità sebbene il numero di massa del nucleo rimanga lo stesso.
img/p100-14.jpg	decorativa	Uomo che mangia con gusto
img/p101-02.jpg	contenuto	Ciclo del carbonio in albero vivo e morto	Disegno a sinistra: sole con raggi, albero vivo, mucca che bruca; frecce CO₂ dall'aria verso albero e dal terreno/animale, CO₂ che sale dall'albero. Disegno a destra: albero caduto e morto. Mostra che l'organismo vivo scambia CO₂ con l'ambiente e mantiene la percentuale di carbonio radioattivo; dopo la morte non la rinnova più.
img/p102-02.jpg	contenuto	Spettro elettromagnetico	Onda sinusoidale in alto con frecce: «Lunghezza d'onda crescente» (verso destra) e «Frequenza crescente» (verso sinistra). Scala ν (Hz) da 10²⁴ a 10⁰. Regioni da sinistra a destra: Raggi γ; Raggi X; Ultravioletto; Visibile; Raggi infrarossi; Microonde; Onde radio, Onde TV. Ingrandimento del visibile da 400 nm a 700 nm: Violetto, Indaco, Blu, Verde, Giallo, Arancione, Rosso.
img/p102-07.jpg	contenuto	Scomposizione della luce bianca con prisma	Fascio di luce bianca da sinistra attraversa un prisma triangolare di vetro e ne esce scomposto in bande di colore continue a ventaglio (rosso in alto, poi arancione, giallo, verde, azzurro, blu, viola in basso) su sfondo nero. Esempio di spettro continuo.
img/p102-13.jpg	contenuto	Spettro a righe dell'idrogeno	Scarica in atmosfera di H₂ (tubo a sinistra) → fenditura → prisma → lastra fotografica. A destra, spettro a righe con lunghezze d'onda: 656 nm (rosso), 486 nm (verde), 434 nm (azzurro), 410 nm (viola). Mostra che la luce emessa dall'idrogeno è discontinua, con sole quattro frequenze.
img/p103-04.jpg	contenuto	Collasso dell'elettrone secondo elettromagnetismo	Due schemi: in alto un nucleo (+) con elettrone in orbita e un'onda rossa che si allontana con etichetta «Energia» (l'elettrone emette energia); in basso una spirale che dall'orbita esterna tratteggiata converge verso il nucleo (+). Illustra che, secondo l'elettromagnetismo classico, l'elettrone perde energia e collassa sul nucleo.
img/p103-05.jpg	contenuto	Livelli energetici del modello di Bohr	Nucleo (+) circondato da orbite concentriche n = 1, 2, 3, 4, 5, 6, 7. A sinistra elettroni che scendono di livello con frecce rosse: «L'atomo emette energia.» A destra elettroni che salgono di livello con frecce rosse: «L'atomo assorbe energia.» Mostra i salti quantici tra orbite permesse.
img/p104-05.jpg	contenuto	Confronto atomo di Bohr e di Schrödinger	Due schemi con nucleo rosso e un elettrone blu. Sinistra: «ORBITA CIRCOLARE», «ATOMO DI BOHR» (traiettoria circolare netta). Destra: «ONDE DI PROBABILITA'», «ATOMO DI SCHRODINGER» (traiettoria ondulata attorno al nucleo).
img/p104-06.jpg	decorativa	Freccia curva verso il basso
img/p104-07.jpg	contenuto	Orbitale come nube di probabilità	Nube di punti neri a forma di anello attorno a un nucleo rosso. Etichette: ORBITALE (orbite probabili degli elettroni); NUCLEO ATOMICO. Rappresenta l'orbitale come regione di probabilità di trovare l'elettrone.
img/p105-01.jpg	contenuto	Regione orbitale, orbitali e livelli energetici	In alto tabella: Regione orbitale: La regione dove si trova l'elettrone; Orbitale: La funzione matematica che descrive dove è massima la probabilità di trovare l'elettrone (densità all'interno dell'atomo); simbolo ≠ tra i due. Tabella «Forme degli orbitali» (livelli di energia crescente; il guscio può contenere fino a): s, forma sferica: 2 elettroni; p, forma bilobata: 6 elettroni; D, forma tetralobata: 10 elettroni; f: 14 elettroni. A destra schema a settori con freccia «energia crescente» dal nucleo Z⁺: 1s 2 e (primo strato); 2s 2 e e 2p 6 e (secondo strato); 3s 2 e e 3p 6 e (terzo strato).
img/p105-02.jpg	contenuto	Come leggere la configurazione elettronica	Titolo «Configurazione elettronica». Esempio 1s¹: Numero quantico → Indica il livello energetico (1); Orbitale (s); Numero di elettroni (apice 1) → Si ricava dal numero atomico Z presente sulla tavola periodica, che equivale al numero di protoni, che sappiamo essere uguale al numero di elettroni.
img/p106-00.jpg	contenuto	Configurazione elettronica di H, He, Li	Tre colonne. Idrogeno (H): 1 elettrone, 1s¹. Elio (He): 2 elettroni, 1s². Litio (Li): 3 elettroni, 1s² 2s¹. Ogni colonna ha in alto un diagramma con punti (elettroni) e in basso «Livelli energetici degli elettroni» con gradini 1s, 2s, 2p (tre cerchi) e i cerchi occupati; riga «Notazione quantica».
img/p106-01.jpg	contenuto	Configurazione elettronica di N, O, F, Ne	Colonne: Azoto (N) 1s² 2s² 2p³ (tre elettroni singoli nei tre orbitali 2p); Ossigeno (O) 1s² 2s² 2p⁴; Fluoro (F) 1s² 2s² 2p⁵; Neon (Ne) 1s² 2s² 2p⁶ (2p completo). In alto i diagrammi a punti, sotto i livelli energetici 1s, 2s, 2p con i cerchi riempiti.
img/p106-02.jpg	contenuto	Tabella configurazioni elettroniche Z 1-18	Tabella: Atomo; Z; Configurazione elettronica dello stato fondamentale. H 1: 1s¹. He 2: 1s² (livello 1). Li 3: 1s² 2s¹. Be 4: 1s² 2s². B 5: 1s² 2s² 2p¹. C 6: 1s² 2s² 2p². N 7: 1s² 2s² 2p³. O 8: 1s² 2s² 2p⁴. F 9: 1s² 2s² 2p⁵. Ne 10: 1s² 2s² 2p⁶ (livello 2 da Li a Ne). Na 11: 1s² 2s² 2p⁶ 3s¹. Mg 12: 1s² 2s² 2p⁶ 3s². Al 13: … 3s² 3p¹. Si 14: … 3s² 3p². P 15: … 3s² 3p³. S 16: … 3s² 3p⁴. Cl 17: … 3s² 3p⁵. Ar 18: 1s² 2s² 2p⁶ 3s² 3p⁶ (livello 3 da Na ad Ar).
img/p107-00.jpg	contenuto	Tavola periodica illustrata degli elementi	Tavola periodica «The Periodic Table of the Elements, in Pictures» con ogni elemento accompagnato da un disegno del suo uso (es. H sole e stelle, Li batterie, Na sale, C basi delle molecole della vita, O aria, Fe strutture d'acciaio, Au gioielli, U energia nucleare). Gruppi indicati: Alkali Metals (1), Alkali Earth Metals (2), Transition Metals (3-12), Boron Group 13, Carbon Group 14, Nitrogen Group 15, Oxygen Group 16, Halogens 17, Noble Gases 18; Rare Earth Metals e Actinide Metals sotto. Legenda con simboli (solido, liquido, gas, radioattivo, tracce in natura, mai trovato in natura) e Color Key (metals, non metals, metalloids). Testi minuti [illeggibile]. Credit: © 2005-2016 Keith Enevoldsen, elements.wlonk.com, CC BY-SA 4.0.
img/p108-03.jpg	contenuto	Diagrammi atomici del secondo e terzo periodo	Schema per periodi con numero atomico, nome, simbolo e punti degli elettroni di valenza. Primo periodo: 1 Idrogeno (H, 1 punto); 2 Elio (He, 2 punti, livello completo). Secondo periodo: 3 Litio Li; 4 Berillio Be; 5 Boro B; 6 Carbonio C; 7 Azoto N; 8 Ossigeno O; 9 Fluoro F; 10 Neon Ne (livello completo). Terzo periodo: 11 Sodio Na; 12 Magnesio Mg; 13 Alluminio Al; 14 Silicio Si; 15 Fosforo P; 16 Zolfo S; 17 Cloro Cl; 18 Argon Ar. Il numero di elettroni esterni cresce da 1 a 8 lungo il periodo; ultima colonna «Livelli completamente riempiti».
img/p109-00.jpg	contenuto	Tavola periodica per blocchi s, p, d, f	Tavola periodica con gruppi in alto (I, II sopra 1-2; 3-12; III-VIII sopra 13-18) e periodi 1-7 a sinistra. Blocchi colorati: sottolivelli s (arancione, gruppi 1-2, con H e He), sottolivelli d (giallo-arancio, gruppi 3-12, elementi Sc-Zn, Y-Cd, La-Hg, Ac-Ds), sottolivelli p (verde, gruppi 13-18, B-Ne fino a Uuo), sottolivelli f (azzurro: lantanidi Ce-Lu e attinidi Th-Lr sotto la tavola, collegati da frecce a La e Ac). Riquadri gialli evidenziano Tc, At e gli elementi Np-Lr; riquadri rossi Uuu, Uub e Uut-Uuo (elementi artificiali).
