# file	pagina stampata	nota   ('-' = da escludere; pagine mancanti: 6, 42, 43)
p-001	1	copertina
p-002	2	colophon
p-003	3	
p-004	4	
p-005	5	apertura Prima parte
p-006	-	duplicato di p. 5 (tenuto p-005)
p-007	7	
p-008	8	
p-009	9	
p-010	10	
p-011	11	
p-012	12	
p-013	13	
p-014	14	
p-015	15	
p-016	16	
p-017	17	
p-018	18	
p-019	19	
p-020	20	
p-021	21	
p-022	22	
p-023	23	
p-024	-	duplicato di p. 23 (tenuto p-023, scansione piana)
p-025	24	
p-026	25	
p-027	26	
p-028	27	
p-029	28	
p-030	29	
p-031	30	
p-032	31	
p-033	32	
p-034	33	
p-035	34	
p-036	35	
p-037	36	
p-038	37	
p-039	38	
p-040	39	
p-041	-	duplicato di p. 41, foto meno nitida (tenuto p-043)
p-042	40	
p-043	41	
p-044	44	
p-045	45	
p-046	46	
p-047	47	
p-048	48	
p-049	49	
p-050	50	pagina bianca
p-051	51	
p-052	52	
p-053	53	
p-054	54	
p-055	55	
p-056	56	
p-057	57	
p-058	58	
p-059	59	
p-060	60	
p-061	61	
p-062	62	
p-063	63	
p-064	64	
p-065	65	
p-066	66	
p-067	67	
p-068	68	
p-069	69	
p-070	70	
p-071	71	
p-072	72	
p-073	73	
p-074	74	
p-075	75	
p-076	76	
p-077	77	
p-078	78	
p-079	79	
p-080	80	
p-081	81	
p-082	82	
p-083	83	
p-084	84	
p-085	85	
p-086	86	
p-087	87	
p-088	88	
p-089	89	
p-090	90	
p-091	91	
p-092	92	
p-093	93	
p-094	94	
p-095	95	
p-096	96	
p-097	97	
p-098	98	
p-099	99	
p-100	100	
p-101	101	
p-102	102	
p-103	103	
p-104	104	
p-105	105	
p-106	106	
p-107	107	
p-108	108	
p-109	109	
p-110	110	
p-111	111	
p-112	112	
p-113	113	
p-114	114	
p-115	115	
p-116	116	
p-117	117	
p-118	118	
p-119	119	
p-120	120	
p-121	121	
p-122	122	
p-123	123	
p-124	124	
p-125	125	
p-126	126	
p-127	127	
p-128	128	
p-129	129	
p-130	130	
p-131	131	
p-132	132	indice (numero di pagina non stampato, dedotto)
